student_id,course_id,chapter_order,time_spent,score,completion_status
1,103,7,38.717233068140146,79.30762630882488,1
2,101,3,46.57524820606961,79.36371451415869,1
3,103,3,46.42714430900546,73.76951477619454,1
4,103,8,48.438415084705696,65.3923331538798,1
5,101,5,72.27422538117294,78.4572247193364,1
6,101,4,49.070686030279596,,0
7,103,8,35.116867294187024,57.91918578117952,1
8,102,6,59.28174336576714,53.52796454206198,1
9,103,2,63.78940977849281,67.03712590523973,1
10,103,4,15.44784369726015,95.98040302990375,0
11,103,4,51.94800139699716,40.21785848692198,0
12,103,6,54.023454846217966,35.6494946849512,0
13,101,6,34.048729932800164,68.29521682473033,1
14,103,1,67.51413626623238,66.01775403712035,1
15,102,8,36.998888259349464,,0
16,101,6,42.51152906943084,69.87906395817001,1
17,102,3,36.53856351432261,60.535954907303896,0
18,102,9,40.31158095162935,94.79726877204165,1
19,102,2,18.074498262095965,32.981920430469685,0
20,102,8,11.198982348114114,48.430059504395075,0
21,101,10,71.89010126449944,62.93490479701905,1
22,101,3,23.060773033633446,32.13622377691665,0
23,102,5,20.172153010873856,61.48291191135858,0
24,102,6,1.0,98.22940331456036,0
25,101,10,27.220765046209955,65.41772976591923,0
26,101,6,13.538204131850033,69.61401811437366,0
27,101,4,72.84030320272738,39.796704696548396,1
28,103,3,60.196341786852685,52.672771839210455,1
29,103,4,26.236993096445524,57.49607239352126,0
30,103,1,85.04871610688618,58.64569806487532,1
31,102,4,59.63530973983188,90.63287590007538,1
32,103,1,,76.15382121450249,0
33,102,1,1.0,42.77084086125936,0
34,102,10,85.81885145181484,69.9300955686401,1
35,103,6,12.20855066472808,74.9644349699357,0
36,102,5,7.092025060862163,87.80298077042534,1
37,103,4,60.45140864019281,96.61081373136747,1
38,103,3,88.79504812678546,44.69811616344263,1
39,101,1,67.68545637021036,48.78284977579324,1
40,103,6,51.27818240104719,39.84844282170768,0
41,101,2,51.89508683330572,60.31960281786037,1
42,103,8,57.068311175606155,74.32716748892669,1
43,103,10,55.1785717957353,84.74669033178203,1
44,101,5,45.62382847938751,63.48097952714954,1
45,101,7,42.084022079037524,58.60304953490312,0
46,103,10,38.74813744200955,68.03515984497481,0
47,102,2,,,0
48,101,8,34.38649846266452,100.0,1
49,102,2,6.140863716092291,32.846779457638824,0
50,102,4,38.033207464105004,68.69481157791449,1
51,102,1,20.228177856981652,100.0,1
52,101,5,17.92821365568458,65.13599689119995,1
53,102,9,43.59788302306957,61.19921929997011,0
54,101,1,67.84004572689199,57.851091543791455,1
55,102,9,58.36633212004626,61.392166364751844,1
56,103,8,8.589987927536459,92.45696949353061,1
57,103,6,20.20743726859325,20.762761773409864,0
58,101,7,58.815423759764315,95.6686740259265,1
59,103,3,20.35025212923381,36.5208569509971,0
60,103,1,35.50733700005951,59.6669534153117,0
61,102,5,,56.41511159402676,0
62,101,2,20.633110902727296,76.7710653954144,1
63,102,5,42.107510122919194,33.03751296232505,0
64,102,8,13.31949010163591,74.24345332163885,1
65,102,9,27.972647120975726,100.0,1
66,102,2,46.39563868285074,37.73651990814379,0
67,102,3,8.140125329366615,68.79412335220792,0
68,102,3,48.80949475920798,51.76035644406782,1
69,102,1,39.60724402146638,73.51774412386072,1
70,101,8,51.04979908834295,65.38295554831504,1
71,103,6,44.47828268129323,52.170261819113804,0
72,102,8,67.28280859947688,74.75744569742147,1
73,102,9,42.50449005295815,100.0,1
74,102,5,31.411889177494942,61.18192416545403,0
75,102,3,42.44595006064568,79.39515884296364,1
76,102,5,50.86596058072776,39.134540842576726,0
77,102,5,40.977201406514084,45.871272463639826,0
78,103,5,40.811833824077645,74.44812555760754,1
79,103,3,25.960166243864894,94.6823205707193,1
80,102,10,26.74198164898104,72.1122669757132,0
81,103,4,11.94789456400613,58.73883938953691,0
82,101,9,74.99153486373879,64.98582810846708,1
83,102,10,15.122735292174298,39.99184532060565,0
84,101,9,26.141896044081854,77.09030652710733,0
85,101,2,25.631854688616052,82.64666124646818,1
86,102,8,57.89848753888883,55.958193343338394,1
87,103,8,34.101006434159444,55.59915704480997,0
88,101,7,64.95484145347467,70.31756459304097,1
89,102,8,26.53018751512263,56.265605279188094,1
90,101,3,45.57988324447604,63.67734770748355,0
91,101,6,,100.0,1
92,101,1,82.90298255546776,60.059485985080066,1
93,101,7,16.248031619409744,57.83319695957556,0
94,103,1,46.19641420454055,52.049163887296814,0
95,101,9,52.67553761864197,79.88383942999873,1
96,101,1,48.27598194902997,61.37551653563794,0
97,101,1,,52.01253923357148,0
98,103,7,37.403586005331476,91.42608064546025,1
99,101,2,40.87622943958219,93.39206009027274,1
100,101,5,,52.9915286852259,1
101,103,8,59.277582335898195,27.669200972787678,0
102,103,8,84.21046003182703,85.15027379673845,1
103,103,3,28.85016429984333,51.30740348479992,0
104,101,7,12.603940408418445,80.81251198325538,0
105,103,3,38.2343590329749,25.597923645763288,0
106,103,6,,82.85194676598618,1
107,101,6,23.926508640605384,40.776561414384375,0
108,103,3,72.78233610888135,79.61528238133049,1
109,101,7,73.55401628152882,65.28546135672869,1
110,102,3,28.928235165840107,45.921211612067104,0
111,103,8,51.379661583705506,56.85927374146439,1
112,102,10,72.56793246257075,78.72636913913402,1
113,101,4,32.417445180250255,67.11788906230468,0
114,103,1,35.92839279795277,76.68825960944969,0
115,101,4,28.366381721027125,,0
116,102,7,19.704865386142664,33.71516776577897,0
117,101,4,27.014449098679858,97.34425149937248,1
118,103,6,15.52119466475487,67.08711875046426,0
119,103,9,40.68166936518452,47.02431903353744,0
120,102,1,24.600535378827164,38.393727485220204,0
121,101,5,44.675718235814955,61.21759218445933,1
122,103,7,8.882087075927455,83.4330022384892,1
123,102,1,46.617604644289145,62.449017592449316,1
124,103,4,56.6705792321785,95.22309860494695,1
125,103,6,1.0,35.97648619896882,0
126,101,2,47.48113139695144,64.7582210430789,1
127,103,10,64.55337984946584,39.952131111737614,0
128,101,5,15.807179626175891,72.27263765249936,0
129,103,10,73.45144773675406,82.737747801946,1
130,102,1,48.3803801873209,56.584764126378936,1
131,103,6,25.899762884831823,12.915722867457319,0
132,101,6,38.88461844684588,68.97896293592989,1
133,101,4,51.16653825043445,,1
134,102,8,41.52010782824823,73.08589509923395,1
135,103,4,50.77511984892738,89.71564383644308,1
136,103,8,21.586528138412675,,0
137,102,8,43.38721648072156,,0
138,103,5,11.725710061900397,,0
139,103,4,37.775478773025995,29.428248319869667,0
140,101,2,21.921847170704204,71.39303651837955,1
141,103,3,25.289401148204668,54.91640337984657,0
142,103,3,64.72186350420876,63.36954653796708,1
143,102,4,61.826202411885376,71.95352967076673,1
144,102,4,52.18276241814354,55.255428717728954,0
145,101,10,18.15374470654842,51.48583841676776,0
146,103,5,33.671831006103965,65.6830483497605,1
147,103,4,64.26195399958367,,1
148,103,10,42.83433827279809,43.28349742229629,1
149,101,8,86.3865907996339,78.58746565913006,1
150,101,6,47.86635678788744,42.02411929682688,0
151,102,6,43.84098232980063,78.32625001818424,1
152,101,8,33.81767071594997,74.25182585707903,1
153,103,7,42.67081809564564,30.483865424188068,0
154,103,10,36.950603272389124,51.4487069532869,1
155,101,10,54.162173533771806,88.88218806094744,1
156,103,8,59.13404633589168,45.37668937720637,0
157,103,2,24.28021078984101,55.711914753812245,0
158,101,9,13.375340928844437,74.24121786503792,0
159,101,1,3.2758925379340695,80.66781018565192,0
160,103,8,50.159826538250876,59.969222279110085,1
161,103,4,17.93266787652253,53.049796106167165,0
162,103,4,1.0,93.44739723397015,1
163,102,5,47.77157209061928,99.77799327595159,1
164,102,8,89.85999034865581,84.57716101563591,1
165,102,5,39.878581769202135,66.70636285130048,0
166,101,8,,48.834685567181474,0
167,102,10,41.6365871709513,48.39111186886869,0
168,101,1,38.02220693617715,75.45028210531515,0
169,101,10,58.38152965975537,73.36796441777368,1
170,102,9,34.194509116226975,,0
171,102,6,45.34784628143806,78.00900185072278,1
172,102,3,46.433956123920275,34.93839396480364,0
173,103,8,26.638190927139025,86.03895235445837,0
174,102,9,59.840846990730455,,1
175,103,6,36.500804866091826,57.32057456095297,1
176,101,7,24.885096810143104,70.00400412503389,1
177,103,1,50.73019687140807,100.0,1
178,102,5,22.030640364179256,100.0,1
179,101,5,40.563623147382565,77.13446118272365,1
180,101,10,39.81762006711593,61.33606762559224,1
181,101,4,61.71791131663156,75.69011296961101,1
182,103,6,49.49396465759906,82.75310851747672,1
183,102,7,39.499460825097124,58.586647488856165,1
184,101,9,56.355325984005745,100.0,1
185,101,1,67.80415098034626,69.60141518382804,1
186,101,6,51.156206127037244,74.95486178182789,1
187,103,7,40.20705239686761,78.31848504108923,1
188,103,3,13.763275352996807,73.43173221228912,0
189,102,8,18.69772673849255,81.77881000939225,1
190,103,5,33.89550591290665,52.65493626906154,0
191,101,9,27.809755956814335,53.833964921079385,0
192,102,5,36.26057394029108,42.996915340566105,0
193,101,9,41.13299849794214,73.79002461240452,1
194,101,10,50.593855087134614,80.57873007024229,1
195,103,4,38.590024438818176,74.15545732303772,1
196,102,9,49.730032876524035,98.48984866695075,1
197,103,5,41.28948829620241,64.88807962341907,0
198,103,10,1.0,78.37483311185025,0
199,102,9,21.213292123624914,43.16598247721372,0
200,101,3,37.11824888556769,57.25800595051198,1
201,101,4,15.806105143177849,78.91075515131556,0
202,102,9,51.99857459992409,81.98204221486287,1
203,101,10,70.61501664687395,59.12066104671636,1
204,102,6,64.37523703394633,63.56801496283866,1
205,102,2,35.731142581395844,34.64252506638381,0
206,103,7,69.81452273699904,57.85941598386781,1
207,102,2,42.97334914404223,82.80766327039572,1
208,103,2,33.25828057763921,76.50410032213132,0
209,101,1,27.731946729181203,75.0133144276242,0
210,101,3,33.95060627023743,65.9954737436192,0
211,101,6,32.236463629175425,65.14126317256353,0
212,101,8,43.408324447509756,51.793577210531055,0
213,103,9,43.211479620997295,78.9765684040507,1
214,101,7,40.06092040306829,73.4194588877878,1
215,102,4,48.738763394927,74.84037695985599,1
216,102,6,63.81292549572683,54.47930314664839,1
217,102,5,58.991082708826475,,1
218,103,8,10.30204063100193,86.94305423507392,1
219,101,1,1.0,55.42325087983192,0
220,101,1,58.68639822478548,47.74448471913759,1
221,101,6,12.662426031691577,78.86957823827987,0
222,103,10,35.50469196214633,57.15974720161741,0
223,102,2,16.59773947881281,86.19872768093244,0
224,102,5,3.9603912483996027,77.34011899153396,1
225,101,1,50.82925456409576,78.67138646400954,1
226,102,7,55.183103206052934,37.68088577598931,0
227,102,1,,,1
228,103,4,1.0,70.22501062467713,0
229,103,9,29.075111034950346,57.61445721507594,0
230,103,1,47.83608010805093,67.86776934684502,1
231,103,4,,29.475295342033604,0
232,101,6,43.667198395583114,73.17305622961342,1
233,103,6,39.69380301654009,44.41256983635857,1
234,102,8,,37.946594283129315,0
235,101,1,42.39160736828306,34.55281627564218,0
236,102,7,20.53862118236889,87.2537674997985,1
237,102,1,63.93143003328983,52.41473212614423,1
238,102,7,36.8294085394606,95.67455419832999,1
239,103,3,39.45390920980136,54.28397073895404,1
240,103,8,,30.852840848141064,0
241,101,3,31.134354976169796,42.66951120102682,0
242,101,1,22.303945719461982,89.71623240013878,1
243,103,8,36.54107880153154,61.88203644126665,0
244,102,3,74.23416960284686,54.034254070187984,1
245,101,2,12.561977141372871,,0
246,103,1,7.728772042465181,75.0356547233509,0
247,103,3,69.42340654987217,87.34797631804922,1
248,103,2,35.81352645696268,93.96998459785853,1
249,102,2,26.61854522680167,57.80462708421828,0
250,103,6,60.79809374792153,38.479046278359235,0
251,103,1,27.887689205262717,56.730696777534476,1
252,103,2,76.52019427093873,70.20561013165772,1
253,103,6,53.558517426785386,45.72482147578778,0
254,101,3,30.24177183708595,45.85698170209914,0
255,101,4,83.14616426531006,71.87575763099771,1
256,103,1,,64.02695296859098,1
257,102,8,54.84190744018614,65.65593990823173,1
258,101,7,45.985851608129835,49.83009330599861,0
259,103,7,66.03482578797596,60.39198571588465,1
260,101,3,71.23022393453705,46.51533711463391,1
261,101,10,40.64008298131533,82.80396822249574,1
262,102,10,24.931642593076333,85.70498669447505,1
263,103,3,49.19944285878233,28.076242755238127,0
264,103,2,26.445692604957877,46.4097827961518,0
265,102,1,80.26774495053246,35.06941489819842,0
266,102,7,42.73070662165475,51.99952131186204,1
267,103,7,32.69356897375783,63.331240604192786,0
268,103,2,43.69360611729817,36.007095606029395,0
269,102,7,13.05747420940607,46.56280373749374,0
270,101,8,,44.92085255837003,0
271,101,1,64.00827815888852,69.14534658797888,1
272,102,9,26.862114420572084,66.386886740725,0
273,101,7,19.061780346361207,50.565248933254935,0
274,102,3,50.73305505054572,68.53641744278796,1
275,101,8,63.71408309325994,54.06639830825469,1
276,101,7,54.379066213301336,59.56689779347894,1
277,103,8,59.92095371611633,,1
278,103,6,24.864098228610786,91.80922103580696,1
279,101,9,11.563786665163125,39.00837526144805,0
280,101,5,70.02667303910974,81.5946483575835,1
281,103,3,33.546403223157284,81.22793108983184,1
282,103,3,34.983339670899056,42.034734224947634,0
283,103,1,66.56388283698115,81.37555287509721,1
284,102,8,51.1246001880132,95.75863836825106,1
285,101,2,49.117755441632156,42.549103875111726,1
286,103,3,83.30004689802168,46.64994357971473,1
287,101,8,27.12963539239714,85.35322933687004,0
288,102,8,58.55680256162474,,1
289,102,4,41.14026249794169,76.02952550479047,1
290,103,4,45.37184557726514,71.81178432800994,1
291,102,5,70.56936852825064,72.81391841856288,1
292,101,6,50.15671512579247,38.47055743377834,0
293,103,5,50.76592158099266,85.94635413242897,1
294,101,7,61.45014674619604,88.39179984855548,1
295,101,2,32.70094540914229,60.41218511863944,0
296,102,7,23.21580665321987,64.13046100372276,0
297,102,10,,34.377849948885554,0
298,102,7,1.0,75.2850951203567,0
299,102,1,81.12414259880644,76.44114883428288,1
300,102,7,17.93583268556634,63.75617966001378,0
301,103,5,35.57492752828456,87.48706719741006,0
302,101,3,34.463734002221585,58.31845538040119,0
303,101,3,46.148133956182015,76.29211851787201,1
304,101,4,56.314744250785935,44.60671322615769,1
305,101,2,57.2094697671949,64.52895698251524,1
306,102,2,28.33845122862123,61.512914841943285,0
307,101,1,36.65756572427177,69.50615844081884,1
308,103,5,45.651599009765995,57.60946142333283,0
309,103,4,35.02617747632906,62.37054808656664,0
310,101,10,72.14691152039985,81.52094342883012,1
311,101,2,49.81949903276502,56.26471525523565,1
312,103,3,54.69755572099635,32.868457985226414,0
313,103,7,53.257625373348255,99.99167808410841,1
314,102,7,63.4694771497065,92.62908157380973,1
315,103,4,43.62043117407414,,0
316,102,5,14.06336104088307,78.79415610490389,0
317,102,5,47.99375903505283,54.94050458897314,0
318,102,6,26.97286212416342,70.26974430662119,0
319,102,9,29.427666365004864,70.88448258026988,1
320,102,2,51.72728037510186,60.31184399367356,1
321,101,5,64.76566142867271,49.32468668827207,1
322,103,3,40.425431534721234,51.18917895367481,0
323,102,4,46.17666025197928,46.67616169037515,0
324,103,10,74.04429889270476,48.363555835391104,1
325,103,6,44.81506358977136,63.65643419901289,1
326,102,8,92.0336622836079,50.68480021778497,1
327,101,1,51.31019291263088,78.64104131425239,1
328,102,10,4.784744816883645,94.74492310671855,1
329,101,8,55.06683242209065,53.39893517259914,1
330,103,7,47.62316769765555,69.78809001070753,1
331,101,1,65.79505508165491,74.99370220605867,1
332,101,2,53.46362702539917,74.4400454183855,1
333,101,3,37.23088032032452,66.51910535832175,1
334,103,1,15.514035274212684,79.85364836719445,0
335,103,9,35.819534854279496,74.64497905361314,1
336,101,8,22.989590915814,40.24675155345405,0
337,101,2,28.389531003905546,82.38312128778546,1
338,102,9,51.771568088412195,82.74581674533485,1
339,101,7,73.39809008702812,49.73427791642837,1
340,102,9,47.89343059645962,65.75875670895203,0
341,101,6,16.082338759296313,78.66657985622139,1
342,102,6,48.89205336440281,60.81372360841277,0
343,103,4,63.93262973291302,86.45956095532023,1
344,101,10,27.804341913612355,100.0,1
345,101,10,37.31965666654165,49.28027934730035,1
346,101,2,40.29376389458394,37.3791079369245,0
347,101,7,24.3020337383552,71.07637191209751,0
348,102,5,52.96560867687718,79.43125010252287,1
349,101,6,37.58103702784437,60.38267252310462,0
350,103,2,48.39064887814055,94.06521326642068,1
351,103,5,22.250156443957998,38.227884005535024,0
352,101,10,31.250833993531792,78.85837246063222,1
353,103,4,54.44762715655543,52.882783584822135,0
354,101,9,32.54333695816466,99.38755812414593,1
355,101,6,74.53927702466811,100.0,1
356,103,2,32.00727628770795,49.666868244333045,0
357,101,1,44.49369451503772,54.0088572818284,1
358,103,5,58.6518166374618,82.19175773959604,1
359,102,9,11.632685341339368,57.257387004209704,0
360,101,6,4.783823760384479,64.09177564135524,0
361,102,10,9.486873708598104,65.5077684108482,0
362,103,7,65.25168206854364,26.606536876046874,0
363,102,5,28.962837082151065,64.72324507811526,0
364,102,10,91.16398571336504,51.20544451871652,1
365,103,6,28.71504802685223,55.13754355200456,0
366,102,5,43.69102606394074,93.87264006937627,1
367,102,9,70.84219905135751,39.86986211441487,1
368,103,6,80.12185776318246,81.26410373495955,1
369,102,8,81.23007153272795,59.420741393363826,1
370,103,2,,59.40479663008331,0
371,102,9,60.48125051622925,80.80743792103422,1
372,103,5,51.85053898402366,71.8010258913778,1
373,103,7,55.567221523332755,76.41225994439063,1
374,102,10,28.97628567342933,84.36369321065722,1
375,102,1,23.636022331553857,58.37383233633354,0
376,102,10,39.93251085178096,52.755265309844994,1
377,101,5,36.59630754950143,43.29698946884404,0
378,101,10,30.9354390134545,48.4917894004209,0
379,101,2,53.927748949134305,100.0,1
380,103,6,59.106104171410216,89.89359161473573,1
381,102,1,41.768137725836944,37.978512675839575,0
382,103,3,,38.5508408651286,0
383,101,5,17.1662177173299,74.63732123436984,0
384,102,4,36.12681081440564,75.94529594755934,1
385,103,3,25.663553587943902,75.9776767063473,1
386,102,10,2.6692676585388,59.900884128926045,0
387,103,5,38.34638628314602,62.490914799942,0
388,102,8,37.56504983233433,71.55759048318714,1
389,101,4,70.26899486484263,66.71786012586661,1
390,101,1,52.61623369109555,20.6139925450493,0
391,102,7,19.5162635134159,60.404007388496126,0
392,103,8,77.08185132668376,47.97187131479373,1
393,101,3,64.42067391050706,68.50422837817024,1
394,101,6,,,0
395,101,2,35.47031802300336,72.34963330948608,1
396,102,7,20.811215265530404,58.72940627655204,0
397,102,8,32.55586447857894,83.43603003954505,1
398,103,6,61.77497239408372,74.65375774418425,1
399,103,6,,73.40188980903683,1
400,103,5,70.86487056544378,77.13701186431342,1
401,102,8,30.22301156427452,100.0,1
402,102,1,17.607651334219774,42.38223129348169,0
403,103,10,,74.47264153622909,1
404,103,4,4.63121268874297,46.47237740036923,0
405,102,4,46.46335428369563,76.11025292684496,1
406,103,3,37.04794827402662,46.626269770278114,1
407,101,3,30.679269962635153,56.652663727898315,0
408,102,4,8.10593865466409,59.09820171524187,0
409,103,1,50.27200213139433,84.51633438689419,1
410,102,2,29.345983206761773,83.36908887884827,1
411,101,9,16.60166328579424,40.08565247107231,0
412,102,10,1.0,66.09868221999697,0
413,102,2,39.44970189898727,50.80840290501655,0
414,102,5,75.44503193339489,39.82990178649331,1
415,102,9,73.2251842909574,60.65965899151259,1
416,101,9,30.858074868274564,,1
417,102,8,27.95575879276439,100.0,1
418,102,1,49.375485121500475,73.65919650721392,1
419,103,1,,37.44764998491526,0
420,102,9,46.03583799638932,53.704519916581155,0
421,103,8,55.32160556769381,85.42766590858797,1
422,101,10,64.53866447768615,100.0,1
423,101,9,37.99691847040094,33.28033375524083,0
424,101,7,35.926524996460685,27.4015122972191,0
425,101,3,22.440348264868778,100.0,1
426,103,3,23.4623929192028,72.79228354741808,0
427,102,2,35.470422161969466,47.63414536247267,1
428,101,5,47.347310136323564,75.69258172244871,1
429,102,3,58.271692524664985,12.285045219662443,0
430,103,6,23.936420986393102,65.06751013194322,0
431,103,2,69.85377137919043,71.55642345686171,1
432,103,3,34.57752797914863,83.4854027907566,1
433,101,5,39.57265411303128,44.72208095414925,0
434,102,1,,66.71374322806719,1
435,102,1,1.0,46.49150747880825,0
436,102,10,57.68090792722099,70.10767511348634,1
437,103,9,54.73687794184867,47.09307355273952,0
438,101,7,34.37344885763573,56.837983216795585,0
439,103,1,41.33981434449744,45.08369210419542,0
440,103,8,50.31878435408199,78.02272483647315,1
441,102,3,8.749082862269148,82.16902233313331,1
442,103,8,29.418946453074106,60.30758860085172,0
443,102,5,55.88529359243654,65.76475989920057,1
444,101,1,14.914211536615014,36.02817170732912,0
445,102,7,45.871158643332585,59.00646703986426,1
446,101,5,,63.995907659165105,0
447,102,6,49.328599648670526,100.0,1
448,103,6,39.28717035405033,42.76065948451673,1
449,103,8,,94.28354477504875,1
450,101,9,63.294787089143426,84.93717546931616,1
451,101,2,25.308168464039014,70.61272808980273,1
452,101,9,23.79495125971238,100.0,1
453,102,10,44.011383944618856,72.44210945213726,1
454,102,9,62.9727469885743,72.78318391335857,1
455,101,10,19.68356362043206,,1
456,103,10,41.233596996959434,89.47137764837255,1
457,102,7,48.57633000661146,86.92938467621767,1
458,102,1,53.862112145262884,52.48645425007575,1
459,102,7,43.528831105544505,38.61505610802465,0
460,101,10,32.65944321833355,60.94038725208686,1
461,101,5,23.448195587025605,48.99922871204707,0
462,101,6,41.722877660927495,63.7295085076929,0
463,101,10,18.55721976028786,,0
464,101,7,1.0,55.853966898264204,0
465,103,5,48.73119608315336,64.14353237376851,1
466,103,7,58.07869682172391,,1
467,101,9,1.0,,0
468,102,3,19.80538590580125,20.062213320307897,0
469,101,8,52.38308522010396,52.86599410469407,0
470,103,2,81.14990939423397,69.22567384558945,1
471,103,7,40.415874153508156,89.00157912853723,1
472,102,2,25.43994117541731,55.161951049875896,0
473,103,4,36.34207117790319,27.46894587916252,0
474,101,7,67.4975283829637,77.39422891932273,1
475,102,3,27.080716417509294,52.29275222348741,0
476,101,2,24.01615986699493,41.20666681819277,0
477,101,10,30.345129556359353,52.51309220573552,0
478,102,7,20.933427834825753,61.30949284688301,0
479,101,1,42.45340631989591,52.905106709235746,0
480,103,8,72.49356916939121,20.888678858018615,0
481,101,3,46.461585462320585,82.94132393774265,1
482,102,2,34.95292995747425,90.49750082557445,1
483,102,3,34.163774621689114,78.03043982679011,1
484,102,5,8.73618382606686,42.24628659150367,0
485,101,8,,60.97016932104964,1
486,102,10,38.44325605974396,64.86957369541084,1
487,102,7,36.390401728187484,76.97588779123821,0
488,101,7,103.86215135689721,78.36680977436161,1
489,103,7,45.975058167313726,50.31652402443008,1
490,101,8,24.964178998096315,66.63991112827121,0
491,102,1,31.472848075889132,74.14560809230483,0
492,102,4,62.9689141839351,94.11644644293533,1
493,101,6,42.26540821075529,79.09013079649446,1
494,103,9,11.234440433652665,80.78113374751038,0
495,102,2,58.384578691504075,66.67653255858721,1
496,102,1,26.63711828922012,93.20918290407008,1
497,102,10,77.4659555243509,73.19525591918995,1
498,101,2,61.600961314292974,47.77824179652859,1
499,102,7,31.053562086824975,93.06739940250381,1
500,103,3,65.62032723470226,78.95806545078055,1
501,102,10,41.357110210548065,56.13911957743035,1
502,102,2,57.055473502444386,55.41014065201513,1
503,103,7,49.6946563458895,70.93151090281523,1
504,102,2,23.07286690018253,74.2636959053517,0
505,101,3,27.12900335365076,68.94584531262413,0
506,101,7,60.59921635162323,71.2261734688577,1
507,101,4,33.304493357869184,98.99914749152761,1
508,103,1,31.927030735160066,86.43086304469772,1
509,102,5,20.89754841301294,68.81271182530048,0
510,101,9,48.47198131186922,83.82621161534966,1
511,103,8,81.25049838486291,44.34952192944921,1
512,102,9,18.64934171491454,72.95854099893617,0
513,103,10,40.48438913345516,100.0,1
514,101,9,68.24441110830858,60.63908209215252,1
515,101,7,38.4071721750857,48.0473214276183,1
516,101,4,49.04743592499468,51.95822222813879,1
517,103,5,18.752129437062408,43.207339253152234,0
518,103,1,48.566141944152974,49.30476183744593,1
519,101,1,36.257114699909025,57.58983802819942,0
520,103,3,59.714599913597254,36.88865961642716,0
521,101,8,63.74772103129502,65.31236667899206,1
522,101,2,91.79127284037227,83.04554347573294,1
523,102,4,51.59266346427151,46.8448763970616,0
524,103,2,46.51592633164333,95.38567847283538,1
525,101,5,43.88768603154672,75.21584177055189,0
526,101,9,,85.61161171248115,1
527,103,1,46.76967686923382,51.84330892295726,1
528,102,5,34.091971797219415,82.09050454133231,1
529,102,9,43.36921952539229,43.16132199209374,0
530,101,1,66.3519507121592,82.80495001673017,1
531,103,9,19.869148694407176,68.43678679587063,1
532,102,8,62.797571222580906,76.06502439969567,1
533,103,4,66.34230134679731,41.48810788750296,0
534,103,10,37.63862946017842,47.09860315446791,0
535,101,5,1.0,76.94456436506769,0
536,102,5,,46.033039915515985,0
537,101,6,65.93989093122218,74.26412584198246,1
538,102,7,39.542638754022356,37.657243870795085,0
539,102,8,20.013955354101785,81.96348425333336,1
540,102,8,29.904501575435653,40.34953370462982,0
541,102,2,56.81240053009106,76.04599875359047,1
542,102,9,50.93467136402759,77.51261867292001,1
543,103,7,35.22135801660611,51.064563631408504,0
544,101,4,32.663511763706246,76.64053134169454,1
545,103,4,32.16483701912356,70.20884526667112,0
546,102,8,,54.22316287614524,1
547,101,4,72.30751378938884,44.82890631847584,1
548,102,6,33.5535906157732,25.74748616654842,0
549,101,5,64.34317041650993,71.99300094599387,1
550,103,3,70.42632103844903,33.7039445727589,1
551,101,10,59.966217962959206,66.90688398882617,1
552,101,2,31.367593745639034,59.73103567835502,0
553,101,9,48.07460180673219,78.58285550876391,1
554,101,10,39.51608787218168,58.959090010202715,1
555,101,9,21.925962785397438,58.411044273058174,0
556,102,1,46.48718563443206,,0
557,101,10,16.41920417680395,71.70116058168234,0
558,101,3,63.753587769231274,71.32311914365556,1
559,103,8,30.70765405403214,74.38535179617053,1
560,101,6,44.023193117456785,34.28855753585788,0
561,103,5,45.665757430922845,80.13577359973964,1
562,102,5,34.82190052591845,77.24937588027204,1
563,101,6,51.733876029505495,44.66633742847006,1
564,103,7,30.50192686754951,60.118390526515974,0
565,103,1,57.42594594914488,64.21385424744737,1
566,102,9,13.08040639506503,62.31006431196535,0
567,101,3,42.52759159092824,71.67719933137069,0
568,101,4,78.77857998116569,93.62733563662367,1
569,103,10,19.993373507888506,86.63533455345657,1
570,101,1,26.44510058950297,38.75561613137187,0
571,103,10,50.2781569931783,77.44139980612097,1
572,101,3,43.591635638791956,91.5786663907082,1
573,103,2,47.012601985471186,72.73617041378405,1
574,101,2,49.78374260295327,86.81960850371934,1
575,102,1,52.6944293712354,100.0,1
576,101,8,62.193996839124466,85.47419092213963,1
577,101,3,48.19637313857025,69.98617191283458,1
578,102,3,35.17484690762915,85.90176948169507,1
579,101,6,53.451474024054626,67.89775666193782,1
580,102,8,77.9976386979043,65.4780608656991,1
581,101,9,37.34732507234853,,0
582,103,9,20.50941390658717,96.26826717664215,1
583,103,4,62.141613385739454,48.63142668115997,0
584,101,5,37.59237672092804,95.64735449356232,1
585,101,2,1.0,74.99728247480743,0
586,101,9,56.948433543008434,37.01387650396117,1
587,103,8,29.293436280921547,72.35298585982844,0
588,101,3,38.189334353916784,22.99946984696752,0
589,103,9,46.63960661138029,77.51016033662071,1
590,102,3,43.809993595581325,82.70462965977981,1
591,103,9,54.18903634278079,53.152880886958926,1
592,103,2,31.29027258860313,67.47095391911165,1
593,102,10,50.26211596352165,100.0,1
594,103,9,34.80906644832166,54.88506591476127,0
595,101,8,54.77620961775006,43.82184825886799,0
596,101,9,52.30734968026107,94.63326804925197,1
597,103,5,21.291225959108093,100.0,1
598,101,2,61.71964232350064,65.07391343695694,1
599,103,8,29.28073109771904,85.22926070816712,1
600,101,6,56.1611559656229,,1
601,101,8,47.345746268026815,50.150315349232315,0
602,103,5,76.76367353590246,55.29388329264263,1
603,101,10,,89.6174902630947,1
604,103,2,33.01366407763605,98.70028557417018,1
605,101,6,39.611607882245345,76.2576172034871,0
606,101,5,33.93640434331449,47.403712929958914,1
607,102,5,55.998838038841,,1
608,102,1,7.673787831268243,54.38058204376071,0
609,103,2,18.926351617072918,58.297244376570966,0
610,102,8,18.64394156841614,71.84675668979243,0
611,103,3,59.006151839471514,96.08320841429548,1
612,102,10,,82.07951953104447,1
613,101,3,37.91101562925057,,0
614,103,8,36.623565536199784,74.26577060236212,0
615,103,8,,65.87029337286933,1
616,101,2,63.237566052163814,76.16279029037013,1
617,103,8,21.452937316188518,14.408798446113941,0
618,103,1,44.7673796546957,59.06785081860403,1
619,102,6,59.5039525956486,69.82643869833562,1
620,103,8,50.0218833987969,41.97971832760986,0
621,101,3,43.79163233197487,72.7264663562312,1
622,102,8,60.02092185134282,60.910575580277566,1
623,102,1,1.0,100.0,0
624,101,9,53.55750639061815,96.46039450429713,1
625,101,9,26.918486337451526,55.68388861763674,0
626,102,5,3.3873420628708644,61.983245768666094,0
627,103,10,50.22405199049962,63.52104868783215,1
628,102,4,67.47317090325916,55.966810476807545,1
629,101,6,37.251029707446165,68.90049968056253,1
630,102,7,59.05749094405878,,0
631,101,5,72.24556515977291,42.38769330124947,1
632,102,10,66.29828907168095,77.45422447800537,1
633,103,9,72.79929058742786,77.59059168443622,1
634,102,3,54.84254982143784,48.91368480680015,0
635,102,7,41.50867277803186,82.90710861525199,1
636,101,10,7.960683762056632,52.368445416693376,0
637,101,10,35.078750237401024,70.06330476075962,0
638,101,5,23.135068093676164,,1
639,102,7,83.41885434995628,64.32774870592574,1
640,103,2,36.482283751353265,74.09481824282268,0
641,101,4,42.464096135689715,54.67140712224857,0
642,101,2,51.02970752080935,61.07066833143806,1
643,102,7,40.87204892744907,60.88281138239319,1
644,101,2,73.90102080861506,50.06843306919522,0
645,103,1,27.54701276531096,61.464516737684356,1
646,103,9,43.89214910474485,34.02763402272507,0
647,101,1,25.150588286039035,55.1769250571579,0
648,101,8,13.599549775585885,59.302490132606586,0
649,102,2,27.764618181894292,59.8764049500924,0
650,103,8,39.25926405903176,60.17005108258442,1
651,103,3,31.4139555096548,63.76471600279742,1
652,101,6,26.15158040252288,74.58883036172128,1
653,102,3,11.873650726563323,82.49034148265045,0
654,103,7,,52.00469546303466,0
655,103,10,9.905592519379955,40.93598289221711,0
656,102,9,55.20111927379205,44.15911175513794,0
657,102,2,41.64879505869006,,0
658,103,5,10.84897001070139,57.961573643669816,0
659,103,6,33.81581845900273,49.600078676050856,0
660,102,4,24.95687188818834,39.07766671500211,0
661,103,4,46.383490208383606,55.877583450516234,1
662,101,4,66.80900892046289,68.62853240227943,1
663,101,2,2.496550607085112,76.90058931671129,0
664,102,4,,53.851538937833574,0
665,102,1,36.797344088667195,56.740043557131315,1
666,102,6,53.42680152900931,46.466033823053785,1
667,101,1,,64.37121659250447,0
668,103,10,24.96061336522362,48.03142731618371,0
669,101,6,,76.462556264824,1
670,103,1,24.07948286393022,,0
671,101,6,61.52014277197196,57.80740655095075,1
672,103,10,40.42623297343884,71.02214678383484,0
673,101,8,78.02381371506016,,1
674,102,2,38.786783723707586,100.0,1
675,101,2,25.831864661790746,71.99600049135815,1
676,103,4,9.725712147743458,44.91890806315979,0
677,101,3,3.9372064748811013,63.09071505821854,0
678,101,4,8.317281139890206,29.475073330670966,0
679,101,7,45.342533020229666,,0
680,102,1,,48.33887885998483,0
681,101,6,8.376185959357333,83.30780551120324,0
682,102,3,57.90076628152231,54.0091945080893,0
683,102,10,,62.664681684095065,0
684,101,7,42.93586023971099,52.288843171911935,1
685,101,10,72.24441256510849,,1
686,101,2,57.936786317310634,58.57514467764177,0
687,103,2,34.629387041883355,100.0,1
688,101,4,22.176155491694253,81.28303524236533,0
689,102,1,1.0,74.64133454670772,0
690,101,3,25.6169336151516,72.3746629463504,0
691,103,9,35.77739522344611,72.87594596432503,1
692,101,7,20.25640945697632,26.446548413087797,0
693,103,7,37.37486065815391,59.42233211698487,1
694,103,4,41.53703765917536,81.90315942368643,1
695,101,2,35.50288036383843,64.02205633051788,1
696,102,4,26.999948383530807,36.896203063928496,0
697,103,6,43.37309343933455,63.951910988450614,1
698,101,3,48.83881299138818,99.08211032510982,1
699,101,1,18.192018451143078,89.93783431069438,1
700,102,8,68.2186475949254,63.759919812679364,1
701,103,5,38.02823735431477,84.02898554116173,1
702,103,5,40.37699245889695,57.669859592638964,1
703,101,4,54.16428846513114,30.92256826346562,0
704,101,6,44.66432262527003,46.51068023740891,0
705,102,3,59.0627326782649,96.25777537016396,1
706,102,9,45.74248330403648,59.52013836341391,0
707,103,5,27.751252507191243,60.13232041249964,0
708,103,3,47.23007050412203,59.00323607450239,1
709,101,1,17.125475853586764,100.0,0
710,103,10,42.17119411553046,97.51917830724126,1
711,102,6,39.335400187110785,100.0,1
712,102,2,35.83766285454921,61.819095791998976,1
713,101,3,37.429249771221386,70.9124897749419,1
714,102,1,2.363019090047217,34.66714901158418,0
715,102,9,,94.53868852236549,1
716,102,8,41.85689802282229,41.6444089746413,0
717,102,2,43.19712783994801,69.33551127525259,1
718,101,8,19.446497181480837,43.053949447343115,0
719,101,9,65.31415681729402,53.22266346522608,1
720,103,1,22.676503035709985,48.254751379005995,0
721,102,5,59.389144010534736,52.84249478648364,1
722,103,8,48.543887237433694,54.21754593702043,1
723,101,2,27.07545380312394,54.03462410149846,0
724,101,4,,81.66667823560614,1
725,101,7,16.127263364870398,42.9027441387496,0
726,101,3,58.38308347220003,69.41082854027734,1
727,101,5,60.011646360859565,89.35918304611117,1
728,101,8,26.5875958184671,54.73607270973208,0
729,101,10,67.84930600128658,,1
730,102,3,34.99906970802095,60.389507496394984,0
731,103,4,45.77387258559714,88.59450416721421,1
732,101,9,45.206436775424415,68.88215261906716,1
733,102,7,37.31382517058904,54.375714107848026,1
734,102,1,56.216165463195644,74.67753302376079,1
735,103,4,55.86977441104426,42.95415700327153,0
736,101,4,5.0293605352363855,78.62719020885896,0
737,103,9,66.08680485756305,73.17214615403535,1
738,101,6,6.750160239286515,58.84383057722232,0
739,102,9,60.65092408683314,48.22828403105538,1
740,102,6,62.53410273655167,47.266381554330856,1
741,102,6,18.180671395696034,75.69634672691821,0
742,102,5,31.783714240908303,89.57961004978124,1
743,103,5,17.885906630281283,52.25384505942411,0
744,101,2,35.70157939422529,74.16773407102968,1
745,101,8,33.839314316285176,23.259459627958627,0
746,103,8,55.5932106453868,,1
747,101,1,66.20617492239217,64.37882134258196,1
748,102,8,67.91367621579911,46.80633166036333,1
749,101,5,28.75663946843396,46.26987250420808,0
750,102,2,35.81556252510944,,0
751,103,2,6.331236155580996,70.84385456652747,0
752,101,6,23.882598670076224,61.253419631872504,0
753,103,9,59.29703266194915,20.235375333500556,0
754,101,1,72.31165647096464,22.585996947298675,1
755,102,6,15.31302256240156,52.86269644285649,0
756,103,9,28.150714816942113,74.15373172107104,1
757,101,8,39.47188486082146,10.049903145495307,0
758,102,6,45.603223176392135,55.00539647696739,1
759,103,3,23.80792960156708,54.475042869651574,0
760,103,8,48.48122088928179,92.76675556416896,1
761,101,9,30.52321305858168,,0
762,101,1,39.71095458243442,72.65977969481857,1
763,101,9,50.925684960073994,67.82514280174927,1
764,102,6,40.12844539621876,22.38867040385599,0
765,101,6,31.272282189468626,80.36414433263475,1
766,103,4,37.807803921483384,69.30793010912576,1
767,103,1,38.232740815893294,75.1653727934918,0
768,101,10,32.59977940235745,100.0,1
769,101,8,34.82407874665795,23.31774121002823,0
770,103,2,71.97294341009433,99.49393299522217,1
771,102,1,51.218388958824775,59.25104961199289,0
772,101,2,34.090393639416796,70.74657808806019,1
773,101,1,53.93908809021471,64.08975509397516,1
774,103,1,33.3236102048798,56.51527333203913,0
775,101,9,63.462492751732825,53.60334143522483,1
776,102,1,47.39284384396188,71.59017471146018,1
777,103,4,37.85395711991542,34.656526066566414,0
778,101,10,48.95433851620555,80.01158335043532,1
779,103,6,8.582476958630014,56.67611190229492,0
780,101,7,17.464650621803894,42.398613219192846,0
781,101,2,16.12149987201889,55.99974284008373,0
782,101,6,42.85886189527413,90.14298433725145,1
783,102,7,74.65029998970184,54.29329825967554,1
784,102,10,84.62600292385264,72.1690723641924,1
785,103,10,52.76102202881514,50.38087448569053,0
786,101,2,50.01688949888914,80.1584369984724,1
787,101,2,3.9788453169452183,78.71015477580409,0
788,102,10,29.146524005319563,100.0,1
789,101,7,24.244324961835222,61.48872109001569,0
790,102,1,27.58304803497768,78.37309609515813,0
791,101,8,36.63712362830421,66.9613507907789,0
792,103,3,30.558188446057454,90.91743563726028,1
793,101,6,1.0,,0
794,101,9,54.95820512235068,79.90010625754562,1
795,102,6,18.54513948520387,61.106054077666364,0
796,101,9,44.78493728222299,63.71623645783004,0
797,101,7,81.48165339499947,66.83504968896746,1
798,102,9,21.612308168271532,70.04480792853354,0
799,103,2,1.0,62.67541913756084,0
800,103,8,34.27991556239778,,1
801,102,8,62.01919269997142,96.56236115124369,1
802,102,2,79.16694908441187,84.70899371230436,1
803,102,4,15.409008110951664,82.38309184993793,0
804,102,7,49.933984464730436,55.889209479522584,0
805,102,4,30.693790864398935,47.21518343543352,0
806,103,4,37.88103291391729,84.10601116475506,1
807,103,6,92.8868669403407,82.52093585059589,1
808,102,10,9.940593432096936,,0
809,101,6,45.07479322989147,52.92038748061541,0
810,102,10,49.35386343530867,60.40902689279306,1
811,101,3,61.71572649878694,32.21031674949132,1
812,102,9,41.95966306941791,57.15057787878254,1
813,102,10,46.161010790082045,84.93141021158894,1
814,103,2,32.16702865156418,55.670092415436045,0
815,101,6,45.38253882490215,,0
816,101,7,,61.18993788004377,0
817,103,9,52.43143779712102,71.48114056443121,1
818,103,3,32.60779327912732,42.04617220368665,0
819,103,10,47.54200787804373,66.70418899267803,1
820,103,3,39.414743726300436,5.177280581985535,0
821,101,7,,61.2620768367603,0
822,101,4,38.97212552823027,32.3905351256972,0
823,102,8,4.53935063586237,89.11989033093633,0
824,102,7,65.23843001427983,80.54814705529023,1
825,103,5,21.88535398274762,74.33341963932162,0
826,103,7,26.924673227023604,95.4201245431876,1
827,103,3,28.08677411913016,46.021669583503254,0
828,102,2,67.48876186341634,99.94726395831117,1
829,102,6,1.0,83.6438312852077,0
830,102,2,102.75497067319988,60.26889425562108,1
831,102,3,61.121136181321035,87.71240294365889,1
832,102,6,44.4647782825832,42.87412975176731,0
833,102,5,38.902119987674276,48.50971676944653,0
834,102,8,45.71108149715314,52.828205535205996,1
835,103,9,50.42244856758677,54.420445838719694,0
836,103,3,52.90431171900114,43.86884714479494,1
837,103,10,51.11208932006897,89.4616613419065,1
838,103,3,41.79161362510498,59.822911992603366,1
839,102,3,36.053231593853475,72.05009936713759,1
840,101,6,36.97453432692976,53.592972671726386,0
841,102,1,36.10183439294638,28.587933989029658,0
842,101,7,62.67540193734129,70.40114716782844,1
843,103,1,51.87113444561724,26.75490049160446,0
844,102,5,1.0,63.627319078290625,0
845,103,10,53.118015530595216,37.63369922334379,0
846,102,8,43.894723894375495,100.0,1
847,103,4,39.62582487108205,83.22725444349443,0
848,101,5,32.229630938222286,67.11507582542961,1
849,101,4,62.48225439972027,90.27413355309338,1
850,101,4,58.95052924245716,48.07368045068529,0
851,102,8,24.542446643527818,75.86958757340186,0
852,101,2,48.141045742490704,68.99620867437427,0
853,102,1,20.56686530917428,70.2804016266734,1
854,101,3,12.407636704221389,90.44707000213535,1
855,101,9,27.465655508200697,79.64984205559604,1
856,102,4,57.24786944765518,70.77447325650047,1
857,102,10,59.06250090752174,31.902251275434075,1
858,101,5,50.26170840194586,45.79907409441073,0
859,102,2,54.501915736959944,62.545821328085516,1
860,101,4,50.32356574229917,66.86744748553302,1
861,102,2,27.170368095540955,42.39592550652152,0
862,103,2,48.63845089347881,100.0,1
863,103,4,56.008190504553646,95.32788110507146,1
864,103,6,55.08582659627149,,1
865,103,7,63.77826742949286,66.4407372256749,1
866,103,10,54.16607694402128,60.755820601976964,1
867,101,3,47.028964150831655,45.96163079955529,0
868,103,3,61.40300476632855,66.54961037037725,1
869,103,10,39.469574815018795,70.15505080285502,0
870,103,6,22.362506975445644,40.16478849036751,0
871,103,3,36.738660721124724,71.68352834489795,1
872,102,2,25.10194710387102,61.89481902350502,0
873,101,8,26.49643450051237,26.843848842452182,0
874,103,5,37.10962658568965,47.79229978440996,0
875,103,1,,56.72788933156711,0
876,103,3,33.84076940721919,100.0,1
877,101,10,2.1277066609242894,76.13106249067516,0
878,102,8,,38.29036861800218,0
879,101,4,40.02410950724448,74.72072578835274,0
880,102,7,23.658227378636187,34.05392022123269,0
881,103,10,53.1849133686481,86.65382107774147,1
882,103,2,58.75140275253116,55.57750696364243,0
883,101,7,7.848802712620518,63.12727622521658,0
884,101,5,24.745504428675716,91.5159329508438,1
885,102,5,24.617153004254035,39.256728628315,0
886,102,6,21.201937977822706,37.057636297740174,0
887,101,9,56.58949683863497,53.328013473079906,0
888,102,6,36.12347722454393,85.76757702038634,1
889,101,8,34.70970317378779,34.61307849046315,0
890,102,7,1.0,8.356888037788622,0
891,101,9,52.70836060418453,55.97682283182002,1
892,101,4,15.21483210293055,76.0348159982184,0
893,101,2,41.198652605326565,89.00523499477659,1
894,102,7,45.547538759163835,55.73677275829202,1
895,102,6,,56.77146785767995,0
896,102,1,13.82359201761776,88.07801468511494,0
897,101,9,1.0,27.605166006091586,0
898,102,9,43.6769908950739,57.22958449633981,1
899,102,2,76.01022363021707,68.80847779850116,1
900,101,3,64.77892705878875,73.98437442570068,1
901,103,5,44.19318830549251,54.80386613618235,1
902,101,5,30.16727628735905,65.68882023411683,1
903,102,1,56.142451932746205,15.23345293174021,0
904,101,8,20.52907600591063,51.83503175332304,0
905,103,8,,74.07017425108936,1
906,101,4,50.10940318333254,45.35411931490641,1
907,102,7,61.2041981499776,66.17968443179194,1
908,103,10,95.19320077822155,73.93745001605396,1
909,102,3,47.84831934357534,58.1490159828447,0
910,103,6,29.820727485850025,68.40927541993142,1
911,103,10,39.48851375616011,45.74534869430775,0
912,101,10,4.618481902217638,60.867774406079064,0
913,101,9,26.105737378218837,77.20432339178446,1
914,102,1,31.81435123773792,68.13945921936869,0
915,101,5,29.51823204130815,53.26937460872129,0
916,101,4,43.04709744067444,,0
917,103,8,23.551601352355988,79.29219581273236,0
918,101,1,62.42061334648943,,1
919,103,9,40.00414129836394,88.18148129911796,1
920,103,6,39.81399357722771,58.274905226378564,1
921,103,4,33.44210566974164,73.5097986648046,1
922,102,9,43.10381367717958,88.94493847290455,1
923,102,5,56.5019652933527,37.56652605539068,0
924,102,5,22.657395685781992,50.81117995144907,0
925,103,5,26.837670218494868,59.2290260824859,0
926,102,1,33.92547942446671,49.32492957751143,1
927,102,1,13.082581530535702,99.69873151673616,1
928,101,8,23.614842805570046,47.86455812346415,0
929,102,8,,,1
930,102,6,57.48778361425455,69.08778063205953,1
931,103,4,45.2512265800385,40.95700947847823,0
932,103,2,43.87179822735089,57.08638576487472,1
933,103,2,57.01795924335944,71.3490652250035,1
934,103,9,37.25256423201207,58.342791912349774,1
935,103,5,47.80929699857779,63.13226282200103,0
936,103,4,37.93556494135007,54.413357751032585,0
937,102,10,45.30724698799257,34.71059381638466,0
938,103,1,28.34482684776836,71.43186422678477,1
939,103,7,1.0,100.0,0
940,101,3,,65.36803261566877,0
941,102,6,68.45496272199881,69.50528234495098,1
942,102,5,58.52430804483185,78.85445510233718,1
943,102,5,59.30794969182341,39.613390069066014,1
944,103,5,64.72261443612436,99.05029316259211,1
945,103,1,41.77315181922875,69.04657592845604,1
946,103,1,43.94631414811191,97.63713798178217,1
947,101,3,27.646962091312997,50.33934008952021,0
948,103,10,33.678542879459,100.0,1
949,101,4,52.315422995422836,80.50310988069566,1
950,102,5,64.07768874337633,76.06080171704717,1
951,103,2,37.21107448638001,69.68048908706297,1
952,101,8,30.99621470297177,60.02942763851101,0
953,101,2,40.010559177131945,89.01063316947744,1
954,103,9,52.024134978582296,,1
955,102,2,11.122903677329163,25.658605928256954,0
956,102,9,1.0,42.65627076585995,0
957,102,7,28.98926301016833,61.28308495614505,1
958,101,8,15.585751481716827,71.1999796633111,1
959,101,2,29.83719604705378,63.86823022200208,0
960,101,7,37.04439362365057,89.37941579587326,1
961,101,6,30.93503181953973,25.977962719227506,0
962,102,4,69.04935068941491,67.87175873010321,1
963,103,7,46.5348952920464,28.640415492256906,0
964,101,4,46.00948719221657,80.19424590968336,1
965,101,2,52.44414288086804,63.11082571115995,1
966,102,10,17.223337644384618,73.39219944048236,1
967,103,7,60.78223574840537,47.722340788204676,1
968,103,8,38.484714269290805,90.58929863315502,1
969,102,2,53.409612344824254,85.83449328117703,1
970,102,5,18.56285533919689,76.67088606023775,0
971,103,1,8.924824679678714,62.40965506273118,0
972,101,7,56.35779316050058,76.59714570590265,1
973,103,8,47.528190521950336,50.862148640253025,0
974,102,6,,82.11111318041424,1
975,101,5,22.60673837450611,97.98961788647841,1
976,101,6,,86.41221119958372,1
977,102,2,16.21176214265344,50.40795060385181,0
978,102,1,72.85345906511927,72.22834634546206,1
979,102,7,,39.13716912482705,0
980,103,7,52.76783851216766,,1
981,103,10,33.42763048502031,74.01206825725077,1
982,101,10,52.063748621646866,27.60367320935672,0
983,102,2,29.117719957716147,41.764323121752724,0
984,101,2,36.74414187855412,59.33722206512466,0
985,101,1,40.818383507914426,58.98280505718348,1
986,101,10,19.956250884370547,40.810461291623895,0
987,101,8,54.81648690840252,72.77957458704367,1
988,102,8,29.735728670568296,70.02947217881024,0
989,101,1,35.428001693199626,61.11461736042961,1
990,102,8,20.113012507829755,49.88416999683274,0
991,102,9,1.0,85.97414252833127,0
992,103,4,36.17944474799662,98.1081422617659,1
993,102,1,88.25230843225832,55.32877032306926,1
994,103,1,55.69208575796048,52.75666165690359,1
995,102,3,39.61479240531211,,1
996,102,5,34.742183415834646,57.83941240506027,0
997,102,5,40.449317856240924,62.212055986735315,0
998,103,9,50.9423823035042,79.79306303449343,1
999,103,10,16.383743693823103,26.812878249854144,0
1000,101,2,62.28643389337744,91.36604649705339,1
